mean(policyAlpha),mean(questionerAlpha),mean(R1Alpha),mean(relevanceBetaR0),mean(relevanceBetaR1),mean(costWeight)
4.905013192612126,4.754617414248021,3.350923482849604,0.47546174142480213,0.4282321899736148,2.0211081794195254
